{
  "benign": {
    "precision": 0.9594594594594594,
    "recall": 0.9861111111111112,
    "f1-score": 0.9726027397260274,
    "support": 72.0
  },
  "malignant": {
    "precision": 0.975,
    "recall": 0.9285714285714286,
    "f1-score": 0.9512195121951219,
    "support": 42.0
  },
  "accuracy": 0.9649122807017544,
  "macro avg": {
    "precision": 0.9672297297297296,
    "recall": 0.9573412698412699,
    "f1-score": 0.9619111259605746,
    "support": 114.0
  },
  "weighted avg": {
    "precision": 0.9651849217638692,
    "recall": 0.9649122807017544,
    "f1-score": 0.9647247085304307,
    "support": 114.0
  }
}