{
  "accuracy": 0.9649122807017544,
  "precision_malignant": 0.975,
  "recall_malignant": 0.9285714285714286,
  "specificity_benign": 0.9861111111111112,
  "f1_malignant": 0.9512195121951219,
  "roc_auc": 0.9973544973544973,
  "average_precision": 0.9956884000651155
}